{"version":1,"lastPerfBoundaries":[0.001,0.002,0.004,0.006,0.008,0.01,0.015,0.02,0.03,0.05,0.07,0.1,0.15,0.25,"+Inf"],"log":[{"ts":1767363898250,"type":"svBoot","duration":1},{"ts":1767363956230,"type":"data","players":0,"fxsMemory":397.45,"nodeMemory":19.080000000001746,"perf":{"svSync":{"count":7376,"sum":0.06300000000000004,"buckets":[7376,0,0,0,0,0,0,0,0,0,0,0,0,0,0]},"svNetwork":{"count":5915,"sum":0.04500000000000004,"buckets":[5915,0,0,0,0,0,0,0,0,0,0,0,0,0,0]},"svMain":{"count":1158,"sum":0.2290000000000002,"buckets":[1154,0,2,0,1,0,1,0,0,0,0,0,0,0,0]}}},{"ts":1767364256346,"type":"data","players":0,"fxsMemory":398.38,"nodeMemory":19.419999999998254,"perf":{"svSync":{"count":37180,"sum":0.29700000000000015,"buckets":[37180,0,0,0,0,0,0,0,0,0,0,0,0,0,0]},"svNetwork":{"count":29812,"sum":0.14700000000000016,"buckets":[29812,0,0,0,0,0,0,0,0,0,0,0,0,0,0]},"svMain":{"count":5969,"sum":0.9689999999999778,"buckets":[5968,1,0,0,0,0,0,0,0,0,0,0,0,0,0]}}}]}